<?xml version="1.0" encoding="UTF-8" standalone="yes"?>
<addon id="repository.fonts" name="[B]Repositorio[/B] [COLOR azure][B]FONTS[/B][/COLOR]" version="1.0" provider-name="Rik Team">
     <requires>
      <import addon="xbmc.addon" version="12.0.0"/>
  </requires>
	<extension point="xbmc.addon.repository" name="Repositorio FONTS">
        <dir>
		<info>https://raw.githubusercontent.com/fontsvr/fonts/main/repo/zips/addons.xml</info>
        <checksum>https://raw.githubusercontent.com/fontsvr/fonts/main/repo/zips/addons.xml.md5</checksum>
        <datadir zip="true">https://raw.githubusercontent.com/fontsvr/fonts/main/repo/zips/</datadir>
		</dir>
    </extension>
    <extension point="xbmc.addon.metadata">
        <summary>Repo [COLOR azure]FONTS[/COLOR]</summary>
        <description>Repositorio de addons para Wizard</description>
        <disclaimer>Repositorio de addons para Kodi 19.x Matrix y 20.x Nexus.</disclaimer>
        <platform>all</platform>
        <assets>
            <icon>icon.png</icon>
			<fanart>fanart.jpg</fanart>
        </assets>
    </extension>
</addon>